Year,Title,Authors,Venue,Signal / Modality,ML / DL Method,Type,Link,Source,Verification,Notes
2026,A multimodal sleep foundation model for disease prediction (SleepFM),"Thapa R, Kjaer MR, He B, Covert I, Moore H, Hanif U, et al.",Nature Medicine 32(2):752-762,"Full PSG (EEG, ECG, EMG, respiratory)",Contrastive foundation model; apnea presence/severity as downstream task,Original study,https://www.nature.com/articles/s41591-025-04133-4,New,Checked against publisher/index page,"585,000+ hours of PSG from ~65,000 participants."
2026,Learning transferable human physiology from two million hours of sleep with SleepFM-2,See arXiv,arXiv 2609.06849 (preprint),PSG from 26 cohorts + wrist accelerometry,Foundation model pretraining,Preprint,https://arxiv.org/pdf/2609.06849,New,Checked against publisher/index page,"Lists the NSRR, PhysioNet and Human Sleep Project cohorts it uses."
2026,Apnea Burden-Guided Framework: Enhancing Out-of-Distribution Generalization in PPG-Based Sleep Apnea Characterization,See arXiv,arXiv 2608.12229 (preprint),"PPG, SpO2",OOD generalization; tested on OSASUD,Preprint,https://arxiv.org/pdf/2608.12229,New,Checked against publisher/index page,
2026,Deep Learning Approaches for Sleep Apnea Classification from Polysomnographic EEG Signals,See arXiv,arXiv 2607.15477 (preprint),EEG,Deep learning comparison,Preprint,https://arxiv.org/pdf/2607.15477,New,Checked against publisher/index page,
2026,AcceleRest: A Physiology-Aware Masked Autoencoder for Wrist Accelerometer-based Sleep Staging and Apnea Evaluation,See medRxiv,medRxiv (preprint),Wrist accelerometer,Masked autoencoder,Preprint,https://www.medrxiv.org/content/10.64898/2026.01.28.26345056v1,New,Checked against publisher/index page,Uses DREAMT.
2026,Continuous Mobile Audio Monitoring for Sleep Apnea Detection,University of Cambridge Mobile Systems group,IEEE JBHI (per author PDF),Tracheal and ambient audio,"Audio event detection pipeline, AHI estimation",Original study,https://mobile-systems.cl.cam.ac.uk/papers/JBHI26.pdf,New,Checked against publisher/index page,"Evaluated on PSG-Audio (194 subjects, 850+ hours)."
2026,SApneaNet: Adaptive Squeeze-and-Excitation-Based CNN-Transformer Network with AGFF for Sleep Apnea Event Detection Using ECG Images Under IoMT,See DOI,Sensors 26(18):5936,Single-lead ECG (CWT scalograms),CNN-Transformer with SE attention,Original study,https://doi.org/10.3390/s26185936,New,Checked against publisher/index page,
2026,A Lightweight CNN-Transformer Model for Obstructive Sleep Apnea Detection Using Single-Channel SpO2 Signals,"Liang Y, Zhang C, Hu H, Bai X",Journal with ISSN 2666-2558 (see DOI),SpO2,CNN-Transformer with pruning,Original study,https://doi.org/10.2174/0126662558475621260611103146,New,Checked against publisher/index page,Tested on the UCD database.
2026,Machine learning techniques in sleep apnea detection: A systematic review,See link,Elsevier journal (see link),Multiple,Systematic review,Review,https://www.sciencedirect.com/science/article/pii/S2667305326000670,New,Checked against publisher/index page,
2026,Artificial Intelligence in Sleep Apnea Detection: A Review,See link,Springer book chapter,Multiple,Review,Review,https://link.springer.com/chapter/10.1007/978-3-032-06777-7_9,New,Checked against publisher/index page,Year inferred from index date; check the chapter page.
2025,Screening for obstructive sleep apnea hypopnea using sleep breathing sounds based on the PSG-audio dataset,See link,Biomedical Signal Processing and Control (see link),Breathing sounds,ConvNeXt + LSTM,Original study,https://www.sciencedirect.com/science/article/abs/pii/S1746809424015301,New,Checked against publisher/index page,Journal inferred from the article ID; year approximate.
2025,Sleep Apnea Detection Using Respiratory Sound Data Based on Deep Learning Models,See link,J. Information and Communication Convergence Engineering,Respiratory sound,Deep learning comparison,Original study,https://www.jicce.org/journal/view.html?uid=1321&vmd=Full,New,Checked against publisher/index page,Uses PSG-Audio.
2025,A Recall-First CNN for Sleep Apnea Screening from Snoring Audio,See arXiv,arXiv 2510.00052 (preprint),Snoring audio,CNN,Preprint,https://arxiv.org/pdf/2510.00052,New,Checked against publisher/index page,
2025,UT-OSANet: A Multimodal Deep Learning model for Evaluating and Classifying Obstructive Sleep Apnea,"Wang Z, Bao X, Zhao C, Zhang J, Ai S, Li Y",arXiv 2511.16169 (preprint),Multimodal PSG,"Event-level detection (apnea, hypopnea, desaturation, arousal)",Preprint,https://arxiv.org/abs/2511.16169v1,New,Checked against publisher/index page,
2025,Multi-task deep-learning for sleep event detection and stage classification,See arXiv,arXiv 2501.09519 (preprint),PSG,Multi-task deep learning,Preprint,https://arxiv.org/pdf/2501.09519,New,Checked against publisher/index page,Uses SHHS and HMC data.
2025,Toward Foundational Model for Sleep Analysis Using a Multimodal Hybrid Self-Supervised Learning Framework,See arXiv,arXiv 2502.17481 (preprint),"PSG (EEG, EOG, ECG, EMG)",Self-supervised learning; apnea and hypopnea detection on SHHS,Preprint,https://arxiv.org/pdf/2502.17481,New,Checked against publisher/index page,
2025,AI-Enhanced Smartwatch AHI Estimation and AI-Scored Polysomnography for Obstructive Sleep Apnea: Real-World Validation,Kim et al.,Nature and Science of Sleep,Smartwatch,AHI estimation algorithm validated against PSG (90 adults),Original study,https://pure.skku.edu/en/publications/aienhanced-smartwatch-ahi-estimation-and-aiscored-polysomnography/,New,Checked against publisher/index page,
2025,A multimodal dataset for training deep learning models aimed at detecting and analyzing sleep apnea,See link,Scientific Data 12:1263,Smartphone/recorder audio + PSG,Dataset paper with DL baselines,Dataset paper,https://www.nature.com/articles/s41597-025-05583-8,New (dataset sheet),Checked against publisher/index page,Shenzhen dataset in your sheet.
2025,Deep Learning for Obstructive Sleep Apnea Detection and Severity Assessment: A Multimodal Signals Fusion Multiscale Transformer Model,"Zhang Y, Zhou L, Zhu S, et al.",Nature and Science of Sleep 17:1-15,ECG + SpO2,Multiscale Transformer fusion,Original study,https://doi.org/10.2147/nss.s492806,Your list,Checked against publisher/index page,"Title, venue and date confirmed; DOI as you supplied it."
2025,Advanced Data Framework for Sleep Medicine Applications: Machine Learning-Based Detection of Sleep Apnea Events,"Zovko K, Sadowski Y, Perkovic T, Solic P, Pavlinac Dodig I, Pecotic R, Dogas Z",Applied Sciences 15(1):376,PSG + oximetry,LSTM,Original study,https://doi.org/10.3390/app15010376,Your list,Checked against publisher/index page,
2025,Predicting the severity of obstructive sleep apnea using artificial intelligence tools,"Cil B, Irmak H, Kabak M",Annals of Thoracic Medicine 20(4):254-261,Clinical variables,Multilayer ANN,Original study,,Your list,From your list; not re-checked,
2025,A novel obstructive sleep apnea detection model based on multi-scale convolutional neural networks,Not given,Expert Systems with Applications (as supplied),ECG,Multi-scale CNN with attention,Original study,,Your list,From your list; not re-checked,Title appears in citation indexes; venue and year not re-checked.
2025,Separating obstructive and central respiratory events during sleep using breathing sounds: Utilizing transfer learning on deep convolutional networks,Not given,Sleep Medicine 131:106485,Tracheal breathing sounds,Transfer learning on pretrained CNNs,Original study,,Your list,From your list; not re-checked,
2025,Distinguishing severe sleep apnea from habitual snoring using a neck-wearable piezoelectric sensor and deep learning: A pilot study,Not given,Computers in Biology and Medicine,Neck piezoelectric sensor,1-D CNN and GRU,Original study,,Your list,From your list; not re-checked,
2025,SE-MSResNet: A lightweight squeeze-and-excitation multi-scaled ResNet with domain generalization for sleep apnea detection,Not given,Neurocomputing 620:129201,Single-lead ECG,SE-ResNet with domain adversarial training,Original study,,Your list,From your list; not re-checked,My search did not surface this exact paper; confirm before citing.
2025,Status and Opportunities of Machine Learning Applications in Obstructive Sleep Apnea: A Narrative Review,Not given,Preprint (March 2025),Multiple,Narrative review,Review,,Your list,From your list; not re-checked,Was filed under 2023 in your list; it is a 2025 preprint.
2024,An audio-semantic multimodal model for automatic obstructive sleep Apnea-Hypopnea Syndrome classification via multi-feature analysis of snoring sounds (ASMM-OSA),See DOI,Frontiers in Neuroscience,Snoring audio + text features,XGBoost with audio and PubMedBERT features,Original study,https://doi.org/10.3389/fnins.2024.1336307,New,Checked against publisher/index page,
2024,Comparison of OPPO Watch Sleep Analyzer and Polysomnography for Obstructive Sleep Apnea Screening,See DOI,Nature and Science of Sleep 16:125-141,"Smartwatch PPG, accelerometer, snoring",Machine learning REI estimation,Original study,https://doi.org/10.2147/NSS.S438065,New,Checked against publisher/index page,
2024,A deep transfer learning approach for sleep stage classification and sleep apnea detection using wrist-worn consumer sleep technologies,See DOI,IEEE Transactions on Biomedical Engineering,Wrist PPG + accelerometer,Deep CNN with transfer learning,Original study,https://doi.org/10.1109/TBME.2024.3378480,New,Checked against publisher/index page,
2024,Sleep Apnea Detection - Towards Wearables,See DOI,"Computing in Cardiology 2024, vol. 51",Single-channel PPG (MESA),"AlexNet, ZF-Net, custom CNN",Conference paper,https://doi.org/10.22489/CinC.2024.307,New,Checked against publisher/index page,
2024,Multimodal Sleep Apnea Detection with Missing or Noisy Modalities,See arXiv,arXiv 2402.17788 (preprint),Multimodal PSG,Robust multimodal fusion,Preprint,https://arxiv.org/pdf/2402.17788,New,Checked against publisher/index page,
2024,SimuSOE: A Simulated Snoring Dataset for Obstructive Sleep Apnea-Hypopnea Syndrome Evaluation during Wakefulness,See arXiv,arXiv 2407.07397,Simulated snoring audio,Dataset paper with baselines,Dataset paper,https://arxiv.org/pdf/2407.07397,New (dataset sheet),Checked against publisher/index page,
2024,ICSD: An Open-source Dataset for Infant Cry and Snoring Detection,"Liu Q, et al.",arXiv 2408.10561,"Audio (snoring, infant cry)",Sound event detection baselines,Dataset paper,https://arxiv.org/abs/2408.10561v3,Paper link from dataset sheet,Checked against publisher/index page,"Snoring detection, not apnea labels."
2024,A Speech Dataset for Snoring Detection in Sleep Based on Deep Learning,See link,IEEE conference (IEEE Xplore 10924987),"Audio, 4 classes",FFT/STFT/CWT/MFCC features; 12 classification models,Dataset paper,https://ieeexplore.ieee.org/document/10924987,Paper link from dataset sheet,Checked against publisher/index page,Exact conference and year: check the Xplore page (2024 or 2025).
2024,A novel deep learning model for obstructive sleep apnea diagnosis: hybrid CNN-Transformer approach for radar-based detection of apnea-hypopnea events,"Choi JW, Koo DL, Kim DH, et al.",SLEEP 47(12):zsae184,Radar,CNN-Transformer,Original study,https://doi.org/10.1093/sleep/zsae184,Your list,From your list; not re-checked,Appeared in both of your lists; kept once.
2024,A deep learning algorithm model to automatically score and grade obstructive sleep apnea in adult polysomnography,"Park MJ, Choi JH, Kim SY, Ha TK",Digital Health 10,PSG,Perceptron + LSTM,Original study,https://doi.org/10.1177/20552076241291707,Your list,From your list; not re-checked,
2024,Deep learning of sleep apnea-hypopnea events for accurate classification of obstructive sleep apnea and determination of clinical severity,"Yook S, Kim D, Gupte C, Joo EY, Kim H",Sleep Medicine 114:211-219,"Airflow, oximetry, ECG",Xception-based CNN,Original study,https://doi.org/10.1016/j.sleep.2024.01.015,Your list,From your list; not re-checked,
2024,Detection of Sleep Apnea: A Comparative Analysis of Advanced Machine Learning and Deep Learning Approaches,Not given,"IEEE conference, 6-8 Nov 2024","ECG, EEG, PPG",Review/comparison,Review,,Your list,From your list; not re-checked,Citation incomplete (no conference name or DOI).
2024,A Systematic Literature on Recent Advancement in Deep Learning to Diagnose Obstructive Sleep Apnea,Not given,"IEEE conference, 14-15 Mar 2024",Multiple,Systematic review,Review,,Your list,From your list; not re-checked,Citation incomplete (no conference name or DOI).
2024,Deep and Shallow Learning Model-Based Sleep Apnea Diagnosis Systems: A Comprehensive Study,Not given,IEEE Access,Multiple,Comparative study,Review,,Your list,From your list; not re-checked,
2023,Real-Time Detection of Sleep Apnea Based on Breathing Sounds and Prediction Reinforcement Using Home Noises: Algorithm Development and Validation,"Le VL, Kim D, Cho E, Jang H, Reyes RD, Kim H, Lee D, Yoon IY, Hong J, Kim JW",J Med Internet Res 25:e44818,Breathing sounds (PSG audio + smartphone),Deep learning with home-noise augmentation,Original study,https://doi.org/10.2196/44818,New,Checked against publisher/index page,"1,018 PSG audio sets and 297 smartphone sets."
2023,Sleep disorder and apnea events detection framework with high performance using two-tier learning model design,See link,PeerJ Computer Science (per PMC),PSG,Two-tier deep/machine learning model,Original study,https://www.ncbi.nlm.nih.gov/pmc/articles/PMC10557519/,New,Checked against publisher/index page,
2023,Detection of obstructive sleep apnea from single-channel ECG signals using a CNN-transformer architecture,"Liu H, et al.",Biomedical Signal Processing and Control 82,Single-lead ECG,CNN-Transformer,Original study,,New,Seen in reference lists only,
2023,RAFNet: Restricted attention fusion network for sleep apnea detection,"Chen Y, et al.",Neural Networks 162,Single-lead ECG,Attention fusion network,Original study,,New,Seen in reference lists only,
2023,ONEI: Unveiling Route and Phase of Breathing from Snoring Sounds,See link,Springer conference chapter,Snoring audio (OSAHS patients),Dataset paper with baselines,Dataset paper,https://link.springer.com/chapter/10.1007/978-981-99-8138-0_39,New (dataset sheet),Checked against publisher/index page,Year approximate.
2023,"A Snoring Sound Dataset for Body Position Recognition: Collection, Annotation, and Analysis (SSBPR)","Xiao L, Yang X, Li X, Tu W, Chen X, Yi W, Lin J, et al.",INTERSPEECH 2023 / arXiv 2307.13346,Snoring audio,Dataset paper with baselines,Dataset paper,https://arxiv.org/abs/2307.13346,Paper link from dataset sheet,Checked against publisher/index page,
2023,Systematic review of automated sleep apnea detection based on physiological signal data using deep learning algorithm: a meta-analysis approach,"Tyagi PK, Agarwal D",Biomedical Engineering Letters 13(3):293-312,"SpO2, ECG, airflow, sound",Systematic review,Review,https://doi.org/10.1007/s13534-023-00297-5,Your list,Checked against publisher/index page,Journal corrected: your list had Physical and Engineering Sciences in Medicine.
2023,ApneaNet: A hybrid 1DCNN-LSTM architecture for detection of Obstructive Sleep Apnea using digitized ECG signals,"Srivastava G, et al.",Biomedical Signal Processing and Control 84:104754,ECG,1D CNN-LSTM,Original study,,Your list,Seen in reference lists only,Volume and article number confirmed.
2023,Efficient Deep Learning Based Hybrid Model to Detect Obstructive Sleep Apnea,"Hemrajani P, et al.",Sensors 23(10):4692,Single-lead ECG,MobileNet V1 + LSTM/GRU,Original study,,Your list,From your list; not re-checked,
2023,A deep learning model developed for sleep apnea detection: A multi-center study,Not given,Biomedical Signal Processing and Control,EEG + oral-nasal airflow,"Deep learning, multi-centre",Original study,,Your list,From your list; not re-checked,
2022,Evaluating Prediction Models of Sleep Apnea From Smartphone-Recorded Sleep Breathing Sounds,See link,JAMA Otolaryngology-Head & Neck Surgery,Smartphone audio,Machine learning on 508 audio features (423 patients),Original study,https://pmc.ncbi.nlm.nih.gov/articles/PMC9011176/,New,Checked against publisher/index page,
2022,Sleep Apnea Detection Based on Multi-Scale Residual Network,"Fang H, Lu C, Hong F, Jiang W, Wang T",Life 12(1):119,"ECG (RR intervals, R peaks)",Multi-scale ResNet with focal loss,Original study,https://doi.org/10.3390/life12010119,New,Checked against publisher/index page,Apnea-ECG and UCD.
2022,Toward sleep apnea detection with lightweight multi-scaled fusion network (SE-MSCNN),"Chen X, et al.",Knowledge-Based Systems 247,Single-lead ECG,Multi-scale CNN with channel attention,Original study,https://github.com/Bettycxh/Toward-Sleep-Apnea-Detection-with-Lightweight-Multi-scaled-Fusion-Network,New,Checked against publisher/index page,Link is the authors' code repository.
2022,OSASUD: A dataset of stroke unit recordings for the detection of Obstructive Sleep Apnea Syndrome,"Bernardini A, et al.",Scientific Data,"ECG, PPG, SpO2 and vital signs",Dataset paper,Dataset paper,https://doi.org/10.1038/s41597-022-01272-y,New (dataset sheet),Checked against publisher/index page,
2021,"PSG-Audio, a scored polysomnography dataset with simultaneous audio recordings for sleep apnea studies","Korompili G, et al.",Scientific Data,PSG + tracheal/ambient audio,Dataset paper,Dataset paper,https://doi.org/10.1038/s41597-021-00977-w,New (dataset sheet),Checked against publisher/index page,"Published Aug 2021, just outside the five-year window; kept because it underpins your PSG-Audio row."
2017,"The INTERSPEECH 2017 Computational Paralinguistics Challenge: Addressee, Cold & Snoring","Schuller B, Steidl S, Batliner A, Bergelson E, Krajewski J, Janott C, et al.",INTERSPEECH 2017,Snore audio (MPSSC),Challenge baselines incl. end-to-end CNN/RNN,Dataset paper,https://www.isca-archive.org/interspeech_2017/schuller17_interspeech.html,Paper link from dataset sheet,Checked against publisher/index page,Outside the five-year window; added at your request.
